id,label
51943,2
39800,2
58541,0
65830,2
32320,2
61147,0
67557,0
68806,0
61035,2
69870,2
36842,2
68245,2
21212,2
38785,2
41296,0
63991,2
64034,2
71058,2
66413,0
27565,2
61039,2
17089,2
35176,0
53187,0
70658,2
59941,2
57242,2
1740,0
33803,2
16680,2
1040,0
28220,0
24175,2
60421,2
20850,2
67517,0
11714,0
10630,2
63900,0
67410,2
10366,2
4233,0
6251,0
51328,0
12868,2
35851,0
7733,2
37577,2
43483,0
70119,0
51828,0
3930,0
21779,0
26310,2
44508,0
11067,0
461,2
70152,0
2344,2
51765,0
37857,2
64772,0
35794,2
46708,2
63443,2
16999,2
19697,2
21907,0
37861,0
40805,2
65326,0
64448,2
52820,2
40167,0
55511,0
71206,2
73559,2
67536,2
33474,2
66006,0
70175,2
46951,2
51352,2
44511,2
69388,0
31756,0
39853,0
66758,2
42580,2
52380,2
54455,2
763,0
50782,2
71057,0
59826,0
9141,2
73671,2
37698,2
38650,2
24145,2
68577,0
50093,2
41516,2
40158,2
41712,2
10011,2
59980,2
68270,2
30042,2
63756,2
29530,2
11134,2
7870,2
27516,0
42262,2
22914,2
15331,0
61893,2
59101,0
18266,2
23509,2
31669,0
67754,2
61467,0
14800,0
11682,2
25488,2
49405,2
68425,2
58642,0
34724,2
36946,0
51675,0
65380,2
7485,2
65563,2
10044,2
23578,2
10245,2
31517,0
69339,2
32384,2
20078,2
12761,2
38019,2
63701,2
26425,2
5195,2
46007,2
4275,2
28222,2
64542,2
33960,2
4874,2
56386,0
71667,2
23215,2
22242,0
59765,2
62126,2
46311,2
4918,2
34306,0
23383,0
54921,2
71046,2
40665,2
37777,2
53220,0
70071,2
42026,0
791,2
8072,2
53787,0
57978,2
15220,2
19310,0
38059,0
58457,2
17219,0
4440,0
39115,2
40893,2
66382,2
54992,2
45473,2
38304,2
58286,2
12640,2
17053,0
53228,2
15675,0
36633,0
17272,0
41835,2
10103,0
60432,2
34324,0
6616,2
792,2
7705,2
25018,0
63174,0
44203,2
17918,0
69724,2
71188,2
6939,2
12554,2
33970,2
31527,2
18451,2
24096,2
35815,2
10791,2
9881,2
38204,2
64066,2
46335,0
29414,2
42846,2
14631,2
70501,2
68200,0
25124,0
43310,2
24671,2
39055,2
42488,2
18579,2
37829,2
65620,2
13058,2
24108,2
58666,0
29329,2
23211,0
10717,2
1919,2
14283,2
12552,2
6561,2
29678,2
1169,2
10493,2
28832,2
4475,0
66262,2
35522,2
29921,2
104,2
60116,0
41054,2
61261,2
12802,2
63776,2
50651,1
533,2
6497,0
67544,2
64144,2
27849,0
1033,2
2020,2
2719,0
33596,2
38119,0
63758,0
59822,2
63838,2
1944,2
24490,0
10684,0
16017,0
65834,2
50400,2
24980,2
59852,2
48353,2
38217,2
23120,2
4032,2
38155,2
16527,0
62577,2
33631,0
14872,2
53863,2
25067,2
21342,2
8418,0
25808,2
40582,2
64762,2
32092,2
4306,0
7930,0
4122,2
34676,0
10321,2
7348,0
41364,2
56865,2
609,0
21213,0
13754,2
54898,2
21075,2
44852,0
67744,2
43628,2
72794,0
53407,0
58307,2
26889,2
31003,2
53182,0
58202,0
15541,2
70139,0
26728,2
61201,0
51575,0
16320,2
36320,0
45314,2
61307,2
19510,2
51055,2
55599,0
23371,2
71192,0
19121,0
4777,2
9343,0
8318,2
19565,2
3259,2
65954,0
55562,0
6033,0
23525,2
41064,0
45508,2
22520,2
58275,2
37661,2
15932,2
70328,2
37189,2
34080,0
58516,2
2114,0
37541,2
72105,2
51681,2
48005,2
7541,2
55911,0
25799,0
45309,2
46907,2
27602,2
30456,0
17218,2
73395,2
21318,2
48741,0
50548,2
12011,2
52926,0
27905,2
49742,2
17213,0
40702,2
26989,2
47112,2
7374,2
21455,2
65509,2
9347,1
67758,2
40791,2
61510,0
19160,2
66437,2
63146,0
32409,0
65355,2
24412,2
48730,2
14783,2
28707,0
5275,2
16138,2
48874,2
66232,1
68363,2
57228,2
55606,0
16378,2
57218,1
8070,2
64013,0
22385,2
43659,0
52214,2
44636,0
11210,0
34458,2
48720,2
73002,0
71501,2
64424,2
24641,2
9110,0
10184,2
50013,2
37089,2
20420,2
31679,2
33217,2
51754,1
71618,2
62736,2
46240,2
44227,2
19290,0
49533,2
37236,2
54142,2
51285,2
36583,2
8818,2
30486,0
47998,0
14485,0
32574,2
39486,0
73696,2
67019,2
73981,0
44598,2
19700,0
47542,2
32021,2
43090,2
38695,2
24598,2
44502,0
58729,2
61677,2
64197,0
5027,2
28249,2
32698,2
67614,2
27936,2
56247,0
393,2
64183,2
53981,2
71972,2
33641,0
58882,2
64030,2
4119,0
36597,2
12180,0
33432,2
20290,2
45795,2
34548,0
37833,2
65676,2
5847,2
21574,0
44360,2
16151,0
17575,2
72440,2
13127,2
28543,2
43038,0
33038,0
21901,2
39806,2
25637,0
57577,2
29399,2
30371,0
29277,0
14447,0
36284,0
35001,0
451,0
27226,2
42926,2
61359,0
23202,0
51483,0
838,0
49234,0
67232,2
58174,2
1652,2
12215,2
17821,0
64506,0
30185,2
70559,0
54822,0
4368,2
52634,0
11515,2
64714,0
44154,2
17152,2
2562,2
42125,0
6265,1
24350,0
26711,2
27854,0
53487,0
27238,2
58002,2
516,2
52457,2
40542,2
1171,2
16772,0
4123,2
22565,2
30192,2
53979,0
71560,0
48374,0
35388,2
59029,2
4064,0
15038,2
40349,1
44198,0
66397,2
15033,2
48865,2
65246,2
66542,2
20457,2
34969,2
40587,2
23258,0
17026,0
62952,2
72646,2
66296,0
73582,0
33860,0
61712,0
2085,0
9929,0
74025,2
32326,0
37725,0
22457,2
51678,2
55677,2
47311,2
34383,2
16871,2
72534,2
26763,2
64588,0
46877,2
52189,2
25382,2
35214,0
9855,0
23377,0
44187,0
47506,2
36798,2
31496,2
26690,2
587,0
44138,0
52196,0
42335,2
129,2
23346,2
60280,0
31165,0
66765,0
27419,2
71919,2
48736,2
36941,0
6092,2
63947,2
43308,2
36818,0
14829,2
44681,2
57765,0
1391,0
71168,2
34767,2
54964,2
423,0
34398,2
3563,0
7129,2
67412,0
57350,2
31617,0
67917,2
9221,2
38573,2
44524,0
53624,0
59418,2
55131,2
20373,2
40186,0
46026,2
33069,0
20095,2
38131,0
50538,2
4636,2
24051,2
11641,2
62609,2
70787,2
21147,2
69216,2
73685,2
42325,2
25283,2
34785,2
31717,0
37649,2
17239,2
1576,2
8420,2
46942,2
69195,0
20995,2
19681,2
3765,2
47226,0
67624,2
70247,2
33621,2
22207,2
1607,2
47383,2
72893,0
28318,0
26175,0
14784,0
73504,2
35607,2
41106,0
15862,0
2304,0
8203,2
40336,2
12169,2
68960,2
40272,0
27534,0
25594,2
74239,2
18138,0
44283,0
34500,2
50249,2
46102,2
2233,2
17869,2
16506,2
9852,0
65017,2
8076,2
72706,2
60322,2
29630,0
67198,2
15210,2
53649,2
26767,0
51719,2
34269,2
54913,2
5791,0
53194,2
11266,0
34622,2
41718,2
65311,2
31100,2
52914,2
17957,2
24075,2
46683,0
40354,2
56802,2
13773,2
58970,0
3970,2
21279,2
49345,0
31192,2
62187,2
19527,2
32205,2
71289,2
11488,2
28399,2
25238,2
6339,0
28517,2
57221,2
13279,0
54388,2
22558,2
30748,2
4138,2
65731,2
30682,0
26366,0
45416,2
64559,2
4433,2
1674,0
41307,2
62104,2
5595,0
74163,2
60764,2
64278,2
968,2
6581,2
3603,0
63244,2
26148,2
41485,2
19736,2
62077,2
58795,0
68488,2
20809,2
25253,0
1094,2
40359,0
5999,2
59010,2
35709,2
62789,2
46081,2
27726,2
48793,2
7625,2
22414,2
49534,0
56,2
51641,2
34581,2
31647,2
60892,2
42955,2
28155,2
66462,2
31571,2
72445,2
65757,2
24669,2
18160,2
41402,0
50908,0
20986,2
48610,2
67347,2
73733,0
33532,2
9967,0
196,2
16608,0
28154,0
8336,0
70430,2
41847,2
15899,2
9409,0
23560,2
13126,0
33287,2
40207,2
29098,0
36063,2
52760,2
29720,0
22524,2
72464,2
45871,2
3303,0
33974,2
43958,2
11020,0
27689,2
71133,2
55965,2
19187,0
2435,2
15711,2
55942,2
2893,2
56294,0
41391,0
71394,0
36454,0
72097,0
47238,2
67063,2
24595,2
42913,0
54344,2
15,0
28313,2
30945,1
70243,2
35316,2
69477,2
51322,0
19948,0
54834,2
22515,2
47367,2
71724,0
28680,2
56712,2
56985,0
17576,2
27786,2
46509,2
68309,0
58722,2
21539,0
11852,2
43731,0
126,2
40348,2
54790,2
8643,2
35055,0
23496,2
591,2
63312,2
30462,0
42716,2
2677,2
25136,2
71752,2
10380,0
3385,2
25868,0
40275,0
62848,0
71116,0
9072,2
14673,0
52592,2
56565,2
55754,0
32923,0
19233,0
31039,0
57145,0
59957,0
69980,2
49689,0
46721,2
51023,2
51064,0
4670,2
34368,2
24006,0
5539,2
1229,2
32598,2
24811,0
31588,0
6579,2
40954,2
56305,0
31326,2
11379,2
73612,2
26336,2
2774,2
42619,0
58483,2
30735,2
32786,2
4437,2
22355,0
25449,2
18396,2
28642,0
1185,2
8879,2
29906,2
9875,2
64737,2
16206,2
21791,2
5735,2
38046,2
46800,0
11144,0
10028,0
46843,2
63572,0
48460,0
5215,0
65584,2
5564,2
35856,0
40515,2
60479,2
30161,0
48917,2
22597,2
49262,0
51349,0
2129,2
55512,2
59277,2
8552,2
2656,2
53382,2
9874,2
61157,0
41400,2
64918,0
36886,2
20811,2
60778,2
15661,2
24409,0
52024,0
951,2
69580,2
32557,0
68010,0
49422,2
22798,2
47678,2
14452,0
7209,0
46619,2
2674,2
72416,2
48949,2
29164,2
11599,2
52775,2
28407,0
39751,2
24868,0
20073,2
71629,0
27994,2
56992,2
28420,2
24871,2
36984,1
29015,2
40504,2
32124,0
22261,2
71943,0
67793,2
29401,2
41240,2
35314,2
14441,0
58437,2
29629,2
56368,2
72045,0
66171,2
43414,2
40343,2
69393,2
68631,2
16044,2
39211,2
36673,2
67171,2
669,2
49081,0
69687,2
20298,2
28105,2
48667,0
6598,2
54887,2
65933,2
66739,2
17278,0
28394,2
20392,2
72480,2
15356,2
61963,2
12185,0
68025,0
53021,2
5628,2
52894,0
69075,0
73006,2
249,0
8297,2
21063,2
71062,2
54801,0
12443,2
6248,2
45327,0
67229,2
67506,0
39508,2
11051,0
31152,0
70889,0
47088,0
50753,0
4531,0
69227,2
43697,0
52289,2
38708,2
49896,2
72523,2
73848,0
25969,0
68485,2
27408,2
51670,0
45151,2
16665,2
33966,0
51093,2
45141,2
57620,0
56226,0
34580,2
58598,2
36950,0
49921,2
29389,2
53295,0
36062,0
11919,0
20893,0
72590,2
71010,2
73211,0
54318,1
49991,2
71811,0
38967,2
64527,2
71185,2
36957,2
37820,0
73526,2
28286,1
25809,1
39379,0
23241,2
25208,2
37222,2
3806,0
46931,2
35454,2
45528,2
29439,2
14653,2
49270,2
41802,2
3623,0
29963,2
63383,0
45358,2
48442,2
64423,2
29952,2
31456,2
66370,2
20023,2
68918,2
10511,2
33555,2
71423,2
29391,0
8167,2
22672,1
16055,0
56371,2
25975,2
42188,0
65851,2
4684,0
40985,0
39815,2
26204,2
62068,2
48120,0
1517,0
54188,0
22281,2
21933,2
37689,0
34959,0
10796,2
50213,2
70405,0
18458,2
16409,0
45317,2
13015,2
31965,0
46174,2
69096,0
34885,2
56926,2
46091,0
3074,2
61143,0
15813,0
26863,0
57143,2
19130,0
64284,0
6870,0
47713,2
34480,0
69259,2
44291,2
73517,0
68880,2
37792,0
53539,0
1658,2
54345,2
59718,0
12793,0
32900,2
71626,2
50253,2
16833,2
58561,2
19084,2
71496,2
12967,2
3457,0
24736,2
42309,0
18060,2
44393,0
46003,2
18219,2
13557,2
61852,2
25337,2
43760,2
21489,2
66633,2
69775,0
62075,2
58769,2
34399,0
68453,2
55745,2
41828,2
55975,2
60290,2
57378,0
30025,0
24993,2
45332,0
26001,2
66402,2
35725,2
72171,0
40863,2
67065,0
57234,2
51783,2
14410,2
72811,2
70185,2
24298,2
41270,0
59890,1
22010,2
30571,0
5052,2
13170,2
58128,0
48110,0
7265,2
23288,0
12741,2
9754,2
53282,0
6785,2
58012,1
26918,2
56037,2
48784,0
53906,2
48804,0
41144,2
47969,0
42129,2
46472,2
70925,2
27581,0
40333,2
19537,2
18093,2
33678,0
61367,0
44468,2
33428,2
33056,2
40614,2
51986,2
71165,2
17273,2
1731,0
23480,2
149,2
56855,2
46567,2
69114,2
16725,0
6051,2
47630,2
13900,2
28135,2
55753,2
12661,2
26171,2
48791,2
6190,2
41724,0
68599,2
35010,2
593,2
28614,2
32851,0
9619,2
12055,2
67061,2
2013,0
58247,2
44022,2
6846,0
62314,2
26851,2
46386,2
20564,2
34081,0
65329,2
10441,2
30046,0
38919,0
49994,1
34483,0
37209,2
59932,2
49542,1
3478,0
25585,2
58937,2
16630,2
19833,0
7172,0
48570,2
47420,2
16538,2
40807,2
19400,0
68117,0
37369,2
15370,0
55294,2
41997,0
33522,2
74085,2
23548,0
10360,2
5352,2
42146,2
23848,2
20719,0
43487,2
36402,2
28822,0
34961,0
46495,0
46766,0
72577,2
25235,0
13736,2
63047,0
56826,2
45626,0
11004,2
10962,0
27755,2
11658,0
77,0
48575,2
38069,0
4439,2
65403,0
48497,2
57988,0
56516,0
51304,2
39204,2
48985,2
31031,2
47087,2
55644,0
38592,0
12428,0
30741,2
29524,2
7130,2
73426,2
34310,2
18091,2
11302,2
46389,0
30699,2
70192,1
9671,0
64899,2
21731,0
68653,1
65425,2
47212,2
27922,2
19190,2
40390,2
64022,2
28671,2
35734,0
36451,2
32004,2
27113,2
39426,2
4431,2
45132,2
10417,2
11173,2
48739,2
3502,0
35217,0
15516,2
73802,0
27538,2
10340,2
60411,2
51331,2
54393,0
29903,2
74077,2
66111,2
23390,0
26003,2
13011,2
42351,2
55533,2
19834,2
62100,2
45646,0
24949,2
51218,2
43708,0
28064,2
9941,2
33578,2
71259,2
22516,2
30023,0
17148,2
14661,0
23148,2
39648,2
44434,2
10521,0
65906,2
49058,2
49271,2
3596,2
37211,0
69892,2
13704,2
68854,0
41312,0
23579,2
38221,0
6790,2
65095,0
67534,2
7651,2
39472,2
302,2
24044,2
24068,2
35324,2
58029,2
30950,2
318,2
24550,2
34221,2
1437,2
55136,2
34253,2
54994,2
10092,2
26845,2
48862,2
11374,2
14058,2
64192,0
73724,0
1924,0
45171,0
19462,0
31642,0
44758,2
43955,0
32515,2
10326,2
19384,0
32561,0
62988,2
70880,2
60369,0
45234,0
60484,0
30413,0
23477,0
23840,0
73509,2
12908,0
39095,2
23703,0
60166,2
2776,0
45409,2
725,2
67006,2
69494,2
45290,0
53419,2
23777,2
2896,2
10546,2
34425,2
7092,2
33382,2
65796,2
6717,2
8735,0
47830,2
42350,0
25513,2
7083,2
54350,2
5214,2
67045,2
62253,2
1647,0
43222,0
4632,2
29917,2
17725,0
8047,2
26835,0
12031,2
73881,2
4307,0
73462,2
18034,2
48856,2
52377,0
65191,2
47072,0
36575,2
22126,0
57192,0
1941,2
6715,2
6,0
10806,2
1145,2
21859,2
44557,2
72630,2
38287,2
32865,2
13010,2
37682,2
57918,2
20833,2
13421,2
4194,2
16865,2
34412,2
48357,2
9325,2
42889,2
12367,0
50415,2
41160,2
35295,0
55709,2
35478,2
22405,2
10608,0
16201,2
41557,2
51321,2
42576,2
29959,0
69260,2
65704,2
25699,0
68950,2
52500,2
24874,2
62544,2
562,0
17668,0
8581,0
37950,2
39385,2
504,2
73383,2
13197,2
31869,2
30580,0
8290,0
51613,2
803,0
48320,2
20055,2
27722,2
32005,0
50724,0
26242,2
26873,2
66755,2
27450,2
33570,2
73915,0
23599,2
25184,0
29812,0
43302,2
40664,0
45322,2
35237,2
19916,2
4035,0
72024,2
20618,2
47470,2
43994,2
32857,0
28694,2
820,2
58350,2
9236,0
60103,2
39469,2
52107,0
31253,2
58874,2
50888,0
60704,0
35249,2
48689,0
7042,2
66971,0
65237,2
25847,0
26766,2
18882,2
22736,0
64286,2
68870,2
17748,2
7704,0
34245,2
59080,0
15333,0
33505,2
44040,0
18619,2
13564,2
14417,0
41403,2
59108,0
63587,2
20104,0
19511,2
2323,0
33171,2
13848,2
64233,0
67349,2
70784,0
61521,2
9038,2
44361,2
17653,2
30212,2
63364,2
43412,2
61249,2
33873,2
49416,2
51244,0
41767,0
1113,0
15229,2
7201,0
55857,2
31518,0
44142,0
40234,2
3301,2
60789,2
35205,0
38963,2
37677,2
9056,2
13124,0
65679,2
3044,2
5758,2
59078,2
6722,2
28728,2
57033,0
24684,0
33863,0
16867,2
27752,0
5361,2
27255,0
58003,0
58789,0
73592,2
27779,2
54409,2
67836,2
617,2
72135,2
31855,0
73250,0
53745,2
72806,2
5146,0
6279,0
43338,0
6126,2
64753,2
17060,0
69409,0
39264,2
31431,2
17452,2
64261,0
8063,2
9079,2
10612,2
6853,2
72068,2
29907,2
68508,0
45215,0
64639,0
33358,0
11323,2
40494,0
69247,2
9850,2
42119,2
34926,0
39907,0
17749,2
55465,2
68057,2
39118,2
15396,2
25126,0
670,2
3215,2
55043,2
4813,2
45642,2
9488,2
70327,2
15671,2
9006,0
54365,2
73260,0
71047,2
61280,2
58927,2
17978,2
70226,2
4178,0
19143,2
1750,2
36981,2
9032,2
36772,0
13181,2
1772,0
53328,2
25242,0
28565,0
9248,2
71264,2
51993,0
44035,2
30440,2
22602,2
40939,0
2183,0
53869,2
35768,2
7297,0
36392,2
72028,2
72899,2
13655,0
65476,1
58959,2
851,2
69712,2
20385,2
51425,2
37483,2
64102,2
3659,0
22396,0
43264,0
44130,2
73313,2
30066,2
45575,0
19515,2
53133,2
31351,2
42370,2
16774,0
25590,2
60064,0
48677,2
33140,2
59889,2
60916,2
72001,0
61174,2
26224,0
20148,2
69578,0
35909,0
62991,0
47149,2
18345,2
70512,2
55998,2
43064,2
13943,2
10654,0
13568,0
71895,2
32019,2
34222,1
54011,0
60699,0
50378,2
28312,2
65678,2
4580,2
1232,0
63755,2
30524,0
50312,0
59197,2
50409,2
34266,2
68713,2
61979,0
70332,2
62719,2
7952,2
28413,2
67321,0
21046,0
56214,2
43967,2
652,0
70429,0
47785,2
63257,2
27035,1
28761,2
7574,0
33137,2
35870,0
7337,2
40237,2
36706,0
26263,0
48124,2
59599,2
56091,2
69843,2
32236,2
52245,2
58463,2
4921,0
59804,0
17987,2
13694,2
7620,2
22427,2
34524,2
15554,2
30196,2
57199,2
73523,2
2842,2
42900,0
61301,0
30333,2
19252,2
24482,2
4113,2
20700,0
72403,2
24956,2
26254,0
63744,2
73057,0
63888,2
7885,2
64360,2
30662,0
27629,0
68704,2
57438,2
35078,0
7245,2
27539,0
46566,2
5410,0
52604,2
24543,2
57700,0
68294,2
439,2
47148,0
62045,2
26255,2
9824,2
57297,0
12939,0
12431,2
40258,2
71557,0
42128,0
43662,0
39515,2
58112,2
73502,2
38439,0
4709,2
55629,2
38279,2
4176,2
12114,2
72021,2
15814,0
71571,2
64073,2
68384,2
57704,0
25233,2
64500,2
13861,2
28901,0
30221,2
20204,2
22403,2
56795,2
2201,2
66389,2
51089,2
62489,2
20598,2
44954,2
51680,2
69429,2
45743,2
2073,2
36391,0
24997,2
28486,2
20031,0
50905,2
6781,0
35463,2
60330,2
20796,2
11943,2
56248,2
8931,0
40532,0
64809,2
42597,0
70026,0
4249,0
37775,2
39228,2
50600,2
46001,2
69972,0
66391,0
12351,2
3875,0
18086,1
62783,2
57400,2
16736,0
52287,2
23942,2
11999,0
19441,2
63001,0
18718,2
38274,2
5459,2
10515,0
50852,2
40314,2
22883,2
35632,2
27659,2
27829,0
20829,2
71418,0
43396,2
65788,2
30431,2
63168,0
72596,2
38898,2
70972,2
6360,2
1552,2
26568,2
60162,2
64518,2
21988,2
18582,2
37474,2
16583,2
70911,2
45641,0
48490,0
51693,0
37263,2
46097,2
27233,2
12129,2
55516,2
28788,0
13615,2
27435,0
27392,0
69021,2
630,0
5332,2
70140,0
37678,2
12092,2
31131,0
59955,2
11037,0
42117,2
8723,0
20194,2
15212,2
16144,2
12835,0
31688,0
24398,0
18765,2
63625,0
67222,2
27085,0
70523,2
56552,2
23397,2
60478,2
33086,2
52360,0
5076,2
6924,2
28139,2
48429,0
47065,2
21942,2
56989,0
70479,2
28923,0
31933,2
3564,2
56686,0
46640,0
28991,0
25275,2
19958,2
62976,2
61440,2
22767,2
16083,2
19123,0
61111,0
63096,2
17662,2
15819,2
23996,2
31441,2
15664,0
60254,2
59729,2
58490,2
54283,2
18333,2
828,0
22603,2
13176,2
15368,0
7033,0
70936,0
22538,0
64825,0
45230,2
66776,2
18785,2
54324,2
33835,0
25456,0
27053,0
2471,0
19802,0
47460,2
66024,2
13256,2
17558,0
41115,2
31909,0
28012,2
38480,2
8122,0
60302,2
46878,2
52743,2
25052,2
10543,2
67834,0
25973,2
66781,0
10499,0
69348,2
74053,0
46871,0
39367,0
38465,2
29466,2
62870,2
62531,2
64120,0
29256,2
50535,2
38406,2
44058,2
5693,2
37061,2
72371,2
68774,0
7378,2
73549,2
62804,0
47708,2
18399,2
65528,2
21146,2
8192,2
36873,2
53225,2
50291,2
17608,2
32504,0
38467,2
250,0
35798,2
5913,0
1996,2
44782,2
27030,2
64220,2
34308,2
46832,2
31976,2
37289,0
31794,2
67559,0
46741,2
18485,2
9715,0
43590,2
15555,0
5467,0
19619,2
39427,2
26915,2
61117,2
60821,0
23567,0
70507,2
36117,0
14666,0
18650,0
8447,2
29252,2
67649,0
60285,2
37915,2
61059,2
21204,0
67397,0
7790,2
20337,0
71224,2
23565,2
2283,0
40545,2
69806,2
62593,0
20984,0
35193,0
47428,0
61933,2
20121,2
15164,2
35735,2
45405,2
33464,2
22100,2
42951,0
28696,0
12016,0
62616,2
53067,2
39473,0
20806,2
40683,2
8107,2
49088,0
33462,0
48527,0
31087,2
39984,2
57158,0
71876,2
53324,2
7621,1
4361,0
62532,1
41273,0
13202,0
67117,0
58738,2
8168,2
34117,2
49953,2
18983,2
11311,0
27161,2
22435,2
43115,2
59477,2
45001,2
64211,0
32433,2
288,2
43415,2
73607,0
62382,2
50487,2
48603,2
30788,2
67231,0
44935,0
19072,0
29404,0
12894,2
4997,2
57418,0
50370,2
51658,2
27731,2
5362,0
27147,2
39989,0
45565,2
58269,2
14645,2
51573,2
49319,2
28724,0
43542,2
12895,0
3849,2
13188,2
25241,2
53085,2
57172,2
45163,0
10320,0
49096,2
54961,2
27543,2
31947,2
7809,2
63830,2
63254,0
46716,2
50150,0
14619,2
11912,0
10428,0
28383,2
14556,0
30338,0
13722,2
18777,0
44728,2
32632,2
35823,2
22926,2
19801,2
14976,2
54846,2
67949,2
72511,0
29030,0
55164,2
47270,2
46996,2
73054,2
68970,0
29341,2
16274,0
30691,0
15718,0
242,0
6341,0
54993,2
56254,2
47111,2
63867,2
59342,2
72748,0
32804,2
72008,2
31218,0
718,2
1678,2
64493,2
41025,2
30484,2
37146,0
12365,2
11351,2
15849,2
27943,0
32426,2
15159,2
56140,2
73191,2
21460,0
28145,0
16923,2
12191,2
70893,0
38081,2
22453,0
34184,2
48137,0
58811,0
36142,2
49449,2
55384,2
69890,2
43109,0
56006,0
56741,2
60510,2
66853,0
17528,2
4980,2
7961,2
33809,2
12795,2
41643,1
55648,1
72540,2
15723,0
68520,2
27622,2
58920,0
8523,2
50076,0
68197,2
41126,0
18633,2
58819,0
55943,2
14651,2
74120,1
25090,2
62711,2
50173,2
62153,0
1395,2
4396,0
20242,0
47833,2
47304,0
44192,0
32277,2
4716,0
36986,2
53577,2
45079,2
54604,0
66314,2
19153,2
69467,0
49672,0
36769,2
55992,2
40195,0
22494,0
39128,2
70129,2
55343,0
53241,0
15984,2
69661,2
22649,2
41256,2
3855,0
34165,2
48444,0
4873,0
35691,2
14602,0
19161,2
41937,0
67216,0
58515,2
59532,0
48984,2
14680,2
33509,0
33319,2
66256,2
8719,2
8951,0
5817,2
20003,2
60037,0
24558,0
25961,2
19775,2
29757,2
54280,2
60399,0
72657,2
66578,2
11851,0
29273,2
62204,2
64253,2
43257,0
27023,2
73048,2
68304,2
10822,2
67029,0
65857,2
45131,2
6509,2
21124,0
53042,2
29153,0
73557,0
23388,0
12887,2
71566,2
8148,0
65421,2
53858,2
58162,2
41713,2
4502,2
72825,2
4882,0
4051,2
47233,2
15357,2
61257,2
22732,2
32714,2
32543,2
53188,1
44505,2
16526,2
64680,0
21943,2
61470,2
55107,0
70899,2
73797,0
28704,2
56301,2
2309,2
57797,2
1428,2
43014,2
23162,2
5170,0
65844,2
44630,2
62866,2
28956,0
73899,2
61241,2
60361,2
70356,2
47471,2
44483,0
29000,2
53121,2
1318,2
28681,2
6604,0
47192,2
27177,2
63716,0
42451,2
37154,0
66501,2
31051,2
589,2
68912,0
1072,2
16986,2
57677,2
51278,0
48112,2
38413,2
49954,0
49423,2
68777,2
62281,0
8375,2
22636,2
38578,2
31974,2
20946,1
4557,0
58064,2
26452,0
45846,2
21018,2
17491,2
27772,2
14891,2
40067,2
18099,2
56856,2
42556,0
16231,0
24603,2
31755,1
39766,0
41151,2
13927,0
25542,2
12429,2
23625,0
68617,2
44411,2
42294,2
37719,0
49601,2
30109,2
71816,2
60966,0
55532,0
64664,2
5417,2
34299,2
55152,2
38735,2
44232,2
70228,2
18198,2
33204,2
1133,2
56612,2
3937,2
54684,0
1953,2
43034,2
49985,2
67289,2
7429,2
13951,2
49643,0
12584,2
65781,2
21021,0
65664,2
36230,0
35575,2
33507,2
57543,2
54613,0
17520,0
1900,2
30914,0
18608,2
26237,2
58641,2
210,2
64621,2
51674,0
13210,2
68084,2
63968,2
56607,0
1097,2
51501,0
22854,2
34976,0
73652,2
64771,2
9744,0
40912,2
64249,2
34121,2
58829,2
23145,0
22314,2
58615,2
71039,0
21292,2
9699,2
28940,2
1791,2
46158,0
4390,2
36036,2
54914,2
53026,2
60963,2
44687,2
11807,2
48109,2
17868,2
41239,2
46154,2
17765,2
29187,2
58546,0
44367,0
6828,2
64307,2
16019,2
31963,0
16757,0
67516,0
2336,0
11947,0
57269,0
43664,0
20116,2
18594,0
9593,2
27942,2
72576,2
27374,0
69292,0
52797,1
14197,0
15301,2
32661,2
25634,2
41541,2
57335,2
63998,0
2084,2
1022,0
58662,2
47527,2
3291,2
67869,2
71867,2
57549,2
46510,0
48748,0
11826,2
33825,2
31815,0
29825,2
68962,2
50659,2
41959,2
69484,2
26528,1
64703,2
21228,2
63128,2
5944,2
33547,2
24008,0
10918,2
20382,2
64357,2
46212,2
13358,0
40898,0
11262,2
60992,2
39164,2
29324,2
11736,2
68462,2
51566,2
5312,2
69328,2
52259,2
23035,2
11597,0
32616,2
69132,2
17617,2
6411,2
10474,2
32828,0
10241,2
11613,0
59504,2
52552,0
30011,2
56403,2
40110,2
6367,0
9292,2
69278,2
47320,0
17253,2
42935,2
63154,2
17567,2
18193,2
22897,2
7754,0
4687,2
51622,2
4125,0
24100,0
37851,2
16611,2
13661,2
59948,0
12563,2
12673,2
28328,0
17689,2
62418,2
28978,2
22424,2
50823,2
54041,0
43340,2
41720,0
47291,0
59674,2
60866,0
34171,0
65633,2
12059,2
61779,0
5805,2
51764,0
16550,2
42039,2
12254,2
19684,2
36333,0
22060,0
40457,2
34032,2
46213,2
53470,0
71239,2
44611,2
8982,2
69778,0
29659,0
27155,2
54103,2
55045,2
18156,2
48586,0
60015,0
13204,0
30907,2
31317,2
62082,2
40594,2
49678,0
72623,0
66095,0
53938,2
15858,2
23055,2
43574,0
53355,2
11602,2
25294,0
28475,2
55539,2
51172,2
46969,2
16553,2
7731,2
67442,2
32435,0
59385,2
67200,0
18877,2
9388,2
18552,2
10601,2
69665,2
16519,2
66819,2
13081,2
24339,0
41470,2
23184,2
9735,2
66414,2
31721,2
11214,2
52274,2
26199,2
14361,0
8259,2
26241,2
28289,2
759,0
34003,0
23938,2
4727,0
45834,2
34748,0
43996,0
42611,2
12938,2
28699,2
36022,0
5346,0
23037,0
31171,2
28100,0
70716,2
65240,2
64739,0
6661,0
17596,2
53381,2
34049,2
63457,2
9159,2
61453,2
14717,2
70854,2
32589,2
21801,0
57504,2
22070,0
52889,2
26974,2
41380,0
70979,2
55007,2
38482,2
68054,0
9980,2
72867,2
46646,0
51882,0
71835,2
72624,2
61053,0
55086,0
19448,0
42837,2
5148,2
26065,2
50388,0
47084,2
74169,2
22459,2
64355,0
51120,0
74121,2
16167,2
46617,2
39696,0
13970,0
5323,2
40055,0
27996,1
64564,2
16653,2
34015,0
21737,2
45903,2
56350,0
31347,2
4416,0
61795,2
39639,0
29004,2
44629,0
68334,2
25827,0
25601,2
62515,2
49182,2
17940,2
46249,2
71957,0
74070,2
9823,2
38511,2
27888,2
27608,2
36594,0
63585,2
61780,2
22502,2
14127,2
31633,0
8392,0
52038,2
44312,2
10702,2
37304,0
67078,2
50826,0
1300,2
61081,2
29777,0
56979,0
56462,2
5652,2
12664,0
49229,2
1354,2
59145,0
5765,0
38386,2
67784,2
51827,1
56038,2
41451,0
15926,2
10437,0
62202,2
45096,2
24174,2
36677,2
15669,2
25545,2
73458,2
32391,0
34680,2
19244,0
35569,2
25183,2
59734,2
17920,2
41687,0
70439,2
66897,2
17678,0
21840,2
68506,2
62244,0
66112,2
42004,1
19828,2
8330,2
9694,0
38720,2
56182,0
42502,2
36906,2
50147,2
54687,2
43854,2
24976,2
1026,2
48665,2
22475,2
11857,0
24441,2
67520,2
54291,2
46369,0
20469,2
37910,2
53547,0
52957,2
11899,2
39305,2
27644,0
67712,2
55585,2
28191,2
24656,2
59001,2
511,2
21004,2
55315,0
56146,2
41909,2
61627,0
48674,0
2119,2
67860,0
68201,2
19491,2
8941,0
34436,0
4966,2
29435,2
57279,2
27182,2
13294,2
12294,2
979,2
29964,2
21272,2
31283,2
69372,2
57071,2
44548,2
7862,0
20890,2
23570,2
60630,2
10855,0
2216,2
42219,1
68048,2
6262,0
69935,2
49203,2
61843,2
51125,2
11993,0
51845,2
54853,0
38353,2
40831,1
67573,2
4848,2
35238,2
42977,0
3929,2
9497,2
71404,0
47150,2
16387,2
60670,2
41383,2
69650,2
58121,0
55937,1
677,2
58007,2
68452,0
25141,2
22473,2
22625,0
1401,2
70595,0
29118,2
48942,0
14241,2
69541,2
37186,2
35235,0
58655,2
27685,2
72599,2
36682,2
43347,2
48549,2
49576,2
6736,2
25831,2
28291,0
25603,2
17803,0
66447,2
29458,0
34353,2
46268,0
42341,2
63471,2
30653,2
24160,0
35219,0
27836,0
54137,2
25963,0
21458,2
56145,2
56405,2
64525,0
57359,2
22849,2
19077,2
34487,0
65150,0
35066,0
46568,2
3427,2
175,2
62160,2
15401,2
61296,2
9233,2
15306,2
13262,2
19186,2
50210,2
22959,2
28484,2
43408,2
33438,2
69557,0
48440,2
17279,0
2672,2
40458,2
2463,2
39035,2
7628,0
48537,0
66717,0
15389,0
69190,0
31105,2
56893,2
62682,2
14538,2
66432,0
27302,2
43566,0
41627,0
13866,0
45975,0
10655,2
36047,2
23682,1
12374,0
17654,2
50244,2
36962,0
36776,0
47774,2
27901,2
13875,0
68509,2
71310,2
15167,2
73061,2
47097,2
10870,0
19812,0
47079,2
9764,2
73543,2
37610,0
25578,2
38670,2
67596,0
52000,2
40120,2
51760,2
19176,1
53676,0
44077,2
39710,2
71725,0
34998,2
22637,2
11654,2
4491,2
26634,0
4240,2
23104,2
48117,0
13836,2
11232,2
10597,2
15367,0
30361,2
23927,2
34522,0
38298,2
69707,2
32793,2
12038,2
59675,0
57076,0
41405,2
51399,0
55324,0
42105,2
2148,2
3180,0
48727,0
1526,2
41244,2
32858,0
7451,0
27257,0
20523,0
57737,2
63588,0
8520,0
33108,0
31414,0
9680,2
60030,2
27968,2
9983,2
5898,2
25030,2
71049,2
25343,2
70145,2
56232,2
18049,0
16710,0
8979,2
60040,2
46378,2
3242,2
3675,2
37592,2
59514,2
52652,2
71612,2
17003,2
25465,2
12643,0
17888,0
54621,2
48293,0
17931,2
13293,2
33891,2
49551,2
62631,2
65141,2
59892,0
16629,2
45566,0
40715,2
26773,0
70963,2
25518,2
14353,0
52793,2
5396,2
4648,2
32531,0
45617,2
69648,2
13650,2
66155,2
20212,2
16238,2
60714,2
6678,2
7295,2
72928,2
48099,2
26377,2
30100,2
46601,2
43520,2
31878,2
71744,2
4895,2
47158,2
4354,0
59207,2
10996,2
12777,2
27244,2
19016,0
52058,0
68446,2
57613,2
7109,0
38640,2
55323,2
52729,0
67068,2
64337,0
9428,2
35192,2
33173,2
43499,0
39922,0
40182,2
16158,0
38971,2
9335,2
33593,2
47677,2
4083,2
49839,2
48770,2
16142,2
23888,2
50897,0
19583,2
3219,0
5611,2
47767,0
35939,0
3118,2
2081,2
27313,0
67001,2
38999,2
21887,2
45822,0
53435,0
31666,2
10163,2
45786,2
35861,0
13915,2
35969,0
72937,2
59396,0
40303,2
30206,2
14854,0
10421,0
39715,2
26042,2
55557,0
61619,2
70183,0
55400,2
19452,2
24381,2
73488,0
71287,0
7579,2
4081,2
45708,0
91,2
1489,0
11753,0
1964,0
63764,2
40464,0
63931,0
32414,2
59866,0
73912,2
11966,2
12649,0
4939,2
15309,0
8198,0
57960,2
20602,0
50787,2
13368,2
25106,2
27457,0
11125,2
67340,0
30461,2
46727,2
28608,2
9129,0
8924,0
34667,0
43752,0
71479,0
66509,2
43728,0
25379,2
50478,0
17112,2
72448,2
12694,2
43895,2
17995,2
53374,2
36181,2
16938,0
28716,2
19009,2
17285,2
36693,0
24792,0
689,2
8182,2
680,0
69723,2
40211,2
37873,0
28099,2
27680,2
41203,2
23174,0
25905,0
32287,2
39467,2
40286,2
62422,2
25951,0
21730,2
40365,2
58432,2
31067,2
58973,2
21766,0
50711,2
67561,2
38249,0
3614,2
48715,2
72517,2
46552,0
18145,2
12794,0
68948,2
1340,0
36278,2
36069,0
10432,2
57216,2
9437,2
50230,0
17535,2
7061,2
1679,2
52203,2
10860,0
28232,2
4052,2
33192,2
17797,2
26562,0
38451,2
46286,0
51353,2
50868,2
21443,2
67602,2
68835,2
16081,2
603,2
37617,2
28366,2
12043,0
73769,2
68762,2
42106,0
57565,0
11708,0
50531,2
68018,2
24184,2
57148,0
6044,0
67890,2
29433,2
56763,0
6592,0
19667,2
72368,2
52164,2
56945,2
65217,2
37157,0
60652,2
14956,0
23514,2
66680,2
64693,2
47368,2
48306,2
61667,0
20845,0
45140,2
70973,0
18520,0
49654,2
23186,2
19152,2
27814,2
49879,2
66974,2
6671,2
22458,0
20635,0
17629,2
36902,0
25944,2
14688,0
64940,2
41039,0
15809,0
14529,2
52924,2
74101,2
34981,0
72638,2
72377,2
5761,0
14773,0
31694,2
65328,2
60459,2
59518,2
64241,2
14264,0
51439,2
25549,0
56930,0
31698,2
52030,2
11342,0
58816,2
56012,2
41208,2
20751,2
11606,2
53303,0
35962,0
13573,0
45928,2
51459,0
29914,2
48747,1
32617,0
60799,2
62135,0
20035,2
22907,0
73215,2
49720,2
27834,2
16521,0
6824,0
63377,2
52168,2
65393,2
67794,2
12659,2
18098,2
66832,0
46940,2
71360,0
25445,2
70874,2
30398,2
59868,2
56794,2
24618,2
53017,2
60076,2
12079,2
20937,0
6229,0
52759,2
62849,2
60380,0
33170,2
35306,0
60608,2
2348,0
72112,0
34946,2
12295,2
11566,2
68131,2
15880,2
7636,2
53091,0
38096,2
49618,2
14870,2
48501,0
18289,2
58571,0
31452,0
25869,1
16135,2
21624,2
61315,2
8660,2
38122,0
36733,2
56496,1
4571,0
25491,2
3399,0
26605,2
69800,0
4221,2
10227,0
4699,2
49090,2
8824,2
39536,0
52636,2
40990,2
72575,2
70736,0
16126,0
52603,2
116,0
26941,2
816,2
69957,0
66535,0
70988,2
23806,0
10632,0
10810,2
18293,0
10931,0
2878,0
24259,0
52082,0
59043,2
50944,2
45052,2
57139,2
68116,0
6617,0
70201,2
59775,0
25135,2
49577,2
40177,0
38084,2
50058,2
24240,2
9887,2
3994,2
36450,0
65733,2
53175,2
21197,0
34880,2
17246,2
9101,2
14520,0
39590,2
38832,2
50757,2
54076,2
4101,2
61703,2
27249,2
57553,2
40259,2
37639,2
19590,0
13896,1
3986,2
10322,2
3280,2
65919,2
72805,0
28477,2
14176,2
28750,2
72800,2
69514,2
5654,2
64699,0
15206,0
18232,2
28455,2
63902,0
21651,2
49302,2
59614,2
39361,0
41991,0
17816,0
58254,0
17254,2
5909,0
38303,2
8363,2
6932,2
12719,2
40014,2
24042,2
40028,0
44535,0
72512,2
15564,2
68957,2
39994,2
37291,0
16654,0
46454,0
40373,2
28725,2
63500,2
7432,2
57114,2
34196,2
9088,2
62570,0
64828,2
62558,2
40394,2
15753,2
26725,2
37297,0
55059,2
47944,0
47888,0
24681,2
16596,2
63493,2
72270,2
63117,2
71072,2
38054,2
21891,2
40761,2
61561,0
59915,2
21595,2
35260,2
44048,2
27733,2
4049,2
55466,0
9193,2
42516,2
35185,2
39235,2
46234,0
55687,2
71216,0
71843,2
72887,2
68156,2
6337,2
73397,0
52451,2
17294,0
66346,2
8,0
29370,2
61790,2
32404,2
42540,0
44363,2
13897,2
34261,2
49110,2
34869,2
59259,0
33189,2
48416,0
64695,2
64691,2
14233,0
60018,2
63179,2
52343,0
46070,2
22984,2
41467,0
55189,2
8428,2
7696,0
33801,0
25339,1
58142,2
42369,0
52858,0
70506,2
42594,2
6658,2
53878,0
47563,2
44025,2
41732,2
39966,2
63820,2
10134,0
10258,2
49517,0
24167,2
14919,2
53475,0
39993,0
56850,2
1093,0
71325,2
35621,2
51871,2
17141,2
45087,0
22170,2
14614,0
45092,0
16657,2
61756,0
67686,2
1213,1
73091,0
6482,2
17591,2
68678,0
53725,0
26281,2
20676,2
41851,2
14514,2
51947,2
47545,2
65655,0
47256,2
1999,1
10617,2
55846,2
58601,0
5252,2
57884,0
38652,2
32727,0
14636,2
50140,2
1594,2
19926,0
51231,0
35380,2
57308,2
51784,2
3397,2
70701,0
17014,2
32495,2
60046,2
56048,2
7502,2
17737,2
68243,2
19065,2
39586,2
5303,2
59317,0
48229,2
57091,0
59634,2
29732,0
56632,2
31879,0
64550,2
49168,0
43898,0
16228,2
622,0
72790,0
15082,0
34778,2
60146,2
72060,2
28505,0
46278,2
18007,2
19843,0
6023,2
5738,0
43806,0
64068,2
11046,0
50406,0
41285,2
3485,0
44242,2
47962,2
30068,2
46360,2
46761,2
65218,2
58893,2
15919,2
8498,0
14867,2
36419,2
11891,2
935,2
48566,2
60499,2
17804,2
3049,2
36558,0
71913,2
67704,2
19931,2
40350,2
14527,2
37960,2
63626,2
6664,0
58569,2
58565,2
15528,0
28437,2
3726,2
60579,2
35812,2
19430,2
4059,0
44501,2
37881,2
19531,2
14563,2
13228,2
30901,2
15687,2
8215,2
49794,2
11965,0
22957,2
971,2
38230,2
63284,0
6855,0
21214,2
5597,0
36599,2
68221,2
34546,2
64864,2
57439,2
57716,2
5461,0
47179,2
10592,2
26153,2
5003,2
27819,2
27335,2
3031,2
29615,0
5834,0
21992,2
27926,2
37012,0
63794,2
13569,2
36137,2
49180,2
55137,2
1967,2
31040,0
16052,2
55577,0
30067,0
57342,0
53990,2
73970,2
27699,2
49227,2
25394,0
8887,0
73164,2
68624,2
51996,2
45536,2
35559,2
37137,2
69088,2
27812,0
11063,2
53551,2
70802,0
71363,0
36844,2
27585,0
7229,0
43056,0
31842,0
22333,2
37748,0
44356,0
14622,2
18158,0
68211,2
60095,0
59598,2
27536,2
15002,2
58057,0
56968,0
19463,2
615,2
15643,2
1250,0
59369,0
21032,2
8597,0
44643,2
17856,2
42948,2
59450,2
59218,2
19808,2
53683,2
1050,2
20803,2
64203,0
10247,2
58428,0
71611,2
13777,2
195,2
13130,0
11972,2
33344,2
27804,2
72712,0
22419,2
26328,0
10464,2
39698,2
60391,2
59998,2
54772,0
31935,2
17823,0
43649,2
68234,0
18600,1
40351,2
18569,0
70241,2
19464,2
11552,2
14266,2
12153,2
48707,0
37798,2
4823,2
4626,0
2879,2
48176,0
58095,2
17461,2
70563,0
46428,2
23683,2
26294,2
58696,2
37068,2
12834,2
15783,2
22986,0
10902,2
47796,2
10452,2
58061,2
12070,2
69912,2
18518,2
71574,2
68232,2
39862,2
33807,2
32254,0
27567,2
38765,2
55055,2
26683,2
72939,2
59920,2
43330,2
61506,2
64900,2
16350,2
4324,2
64612,0
55125,2
59525,2
2441,0
412,0
49849,2
63943,2
29543,2
52094,2
7115,2
53637,2
28741,2
6101,2
37486,0
62812,2
52725,2
61618,2
23529,2
47693,2
33896,2
71831,0
19688,2
332,0
18360,2
60710,0
25822,2
11005,2
25820,2
48078,2
1861,2
2321,2
12437,2
36295,2
51035,0
67777,2
36104,2
39197,0
64911,2
39446,0
46926,2
36326,2
44153,2
62468,2
3609,0
20336,2
12012,0
60592,0
35982,2
66132,2
17706,2
23983,2
55258,2
8972,2
39016,2
73583,2
29496,0
39046,2
13371,0
43271,0
52379,2
4977,2
68798,2
47718,2
37614,0
63353,0
35512,2
18692,0
56427,2
28730,0
50224,1
20776,2
50151,2
3918,2
10209,2
66567,2
17138,2
44600,2
42463,2
47140,0
17017,2
49538,0
38942,2
10947,2
37542,2
29556,0
29838,2
15911,2
25056,0
70582,0
32350,0
72172,2
46682,2
22862,0
70584,2
73008,2
31313,2
67016,2
31730,0
42409,0
9596,2
49541,0
53145,2
11200,2
47085,2
28582,2
26569,2
13341,2
58895,0
12830,2
51182,2
42873,2
50392,2
11938,0
57863,2
16050,0
39375,2
40209,2
25566,2
25118,2
24511,0
6837,2
8213,2
38179,2
15640,2
65409,2
41195,2
56804,2
48166,2
30246,2
2041,2
44655,2
44039,2
10534,2
17905,2
16333,2
44562,2
66636,0
21652,2
27958,2
62085,0
66720,2
4524,2
15168,2
7142,2
8789,2
30266,2
9500,0
20930,2
74201,2
43363,1
13009,2
47222,2
14378,2
48778,2
10878,2
23912,0
27379,2
35104,2
16213,2
41676,2
8253,2
38596,2
20688,0
14908,1
29919,0
16085,2
7603,2
16136,2
51673,2
4799,2
7732,0
42400,2
72142,0
65434,0
27356,2
9539,0
42693,2
42448,2
20455,2
47874,2
60433,2
61995,2
55058,0
12877,2
26808,2
1965,1
44770,0
167,2
31212,0
56614,2
7090,2
8880,2
57857,2
3734,2
54999,0
27666,2
46839,2
43381,0
73756,2
16755,0
28058,2
42019,0
45379,2
20240,0
14210,2
14211,2
54919,2
73039,0
31379,2
65308,2
57606,2
5095,0
47071,2
68443,2
2300,0
42511,2
57256,2
71275,2
44461,2
67377,0
11299,2
43816,2
50875,0
18274,2
4258,2
27732,2
2368,0
58201,0
5827,2
57135,2
44936,2
45372,2
67457,2
27773,2
14022,2
44273,2
17529,2
64494,0
62629,0
16040,2
29580,2
48709,2
47197,2
70583,2
3245,0
21936,2
54134,0
38101,2
31126,2
63600,2
52167,2
19055,2
50453,2
36000,0
8201,0
18445,0
960,0
71071,2
59285,2
21195,0
38313,2
4007,2
41420,2
15762,2
33573,2
35109,2
5354,2
22319,2
5908,2
40267,2
58465,2
44412,0
31955,0
50005,0
31729,2
34329,2
72554,0
6758,2
46793,2
26190,0
445,0
7534,2
58127,2
30016,2
31407,2
48937,2
50656,2
21211,2
46248,2
44623,0
34177,1
21495,2
3258,2
4471,2
36686,2
6995,0
48642,2
47171,2
12337,2
10270,2
32549,0
28253,2
46980,0
42442,2
28903,0
57618,2
54210,2
12350,2
47531,0
31858,2
70096,2
47574,2
58245,0
3381,0
58312,0
58868,0
71111,0
63207,2
28533,2
9345,2
38150,2
54715,2
13055,2
69043,2
48796,2
14585,2
18355,2
6125,2
57163,2
10390,0
2636,0
6370,0
2886,0
16251,2
1664,2
74139,2
17667,2
58500,2
26656,2
65786,2
29222,2
25835,2
70364,2
22526,0
53105,2
57732,2
1039,2
14789,0
2881,2
51848,2
38185,0
58154,2
14540,2
38359,0
72386,2
69861,0
33594,2
71157,2
61139,2
25956,2
5128,2
21186,2
40924,2
34033,0
35110,2
8525,0
26287,0
8384,2
15544,2
23577,2
7619,2
65615,0
23959,0
53087,2
60436,2
50919,2
33911,0
34365,2
63789,2
59041,2
37226,2
3660,2
64408,2
59240,2
45869,2
17340,2
52134,2
57669,0
60155,2
19438,2
70022,2
64462,2
43327,0
19894,2
58825,0
34777,2
25701,2
3692,2
68887,2
42553,0
54638,2
70822,0
43280,0
25012,2
69470,2
15101,2
35330,2
13936,2
20333,2
69424,2
18054,2
13403,2
61525,2
70821,0
35321,2
54761,2
27327,2
28687,2
45997,0
5635,2
42467,2
51222,0
18221,2
70005,2
74185,0
49288,2
44858,0
6363,2
49480,2
35728,2
43076,2
1572,2
27211,2
8366,0
56770,2
24505,2
54885,2
14615,0
70572,2
37903,2
5755,0
73385,0
37728,0
73712,2
47608,2
26309,2
49008,2
757,0
35960,2
3714,0
8985,2
39720,0
47050,2
68303,2
28118,2
23535,2
35578,0
7366,2
54990,2
25236,2
47147,2
69170,2
48519,0
6907,2
43355,2
53926,2
14433,2
13863,0
37936,2
60474,2
10482,2
71897,2
28830,2
48384,2
72671,2
42990,0
58371,2
4521,2
17183,0
30754,2
18035,0
36084,2
21797,2
9240,2
53644,0
24444,0
15824,0
5563,2
41729,0
12609,2
50247,2
49102,2
60565,1
53302,0
2818,0
69885,2
63536,0
17606,2
36479,2
20586,2
38639,0
35774,0
73804,2
3034,2
3926,2
43669,2
51985,2
14895,2
44512,2
20184,2
54671,2
70363,2
16209,2
6018,2
53914,0
19581,2
26726,2
32673,2
23935,0
17878,0
12538,2
33777,2
64784,2
8839,2
72246,2
62254,2
62821,0
26594,2
64021,2
20089,2
30199,2
10866,2
16548,0
62226,0
23408,2
3573,2
22782,2
37711,2
1975,0
65744,0
50848,2
49121,0
32672,2
52072,0
38130,2
2539,0
41892,0
22680,2
53800,2
49322,2
39523,2
53776,2
61360,2
2378,0
63840,2
36453,0
53409,2
16215,2
23039,2
2575,0
73766,2
38859,0
64626,2
15596,2
48036,0
44331,2
65925,0
10610,2
57178,2
22068,2
14313,2
24094,0
73814,2
29683,2
3279,2
17298,2
67808,2
32599,2
63827,0
7256,2
49309,2
37699,2
59968,2
60080,2
14032,2
66805,2
43866,2
54084,1
9901,2
66113,0
40981,0
20912,2
52361,2
37722,2
8588,2
1035,0
18237,2
14375,2
65025,0
68459,2
40405,2
13625,2
31041,2
10436,2
45533,2
47481,2
25773,2
26162,2
63658,2
57190,0
4295,2
31144,2
8872,2
6203,0
47986,2
21384,2
64941,0
53147,0
54376,2
15551,2
31287,0
8495,0
27216,2
31170,2
11121,2
10663,0
13173,2
41143,2
69452,2
54746,2
70329,2
54282,2
52736,0
71539,0
34747,2
5380,2
58425,2
23556,2
59964,2
61881,0
49922,0
2347,1
4197,0
46189,1
67749,0
37386,2
13309,2
26461,2
69667,0
41669,0
61418,2
54270,0
23149,0
71992,2
65969,2
68919,0
43765,0
24455,2
45636,2
61072,2
31463,2
9289,2
26680,2
12340,2
64119,2
10949,2
10377,0
32850,2
12211,2
61886,2
20884,0
26275,2
11632,2
66859,2
48835,2
34214,2
61434,2
8513,0
55096,2
21880,2
3710,0
21865,2
16900,2
67694,0
29235,2
35650,2
71130,2
34663,0
33471,2
49281,2
3295,2
7363,2
66934,2
9124,2
7714,2
30721,2
41592,0
49650,0
19063,2
30139,0
52550,2
52027,2
48330,0
29400,0
69263,2
15823,1
74114,2
495,2
59500,0
25775,2
29643,2
23262,0
63710,2
52789,0
32855,2
3290,2
40367,0
12985,2
27574,2
19570,2
17228,2
57630,2
29082,2
72558,2
14181,2
12662,2
37749,2
22118,2
33391,2
31342,2
3247,2
31942,0
14392,2
34087,2
52077,2
56173,1
45038,2
6281,2
34286,0
39019,0
71634,2
11377,0
26789,0
52973,2
63246,2
35213,2
66687,2
40779,2
56974,2
51863,2
6308,2
68074,0
49736,0
5816,2
70638,2
19555,1
68387,2
70639,2
4827,2
30388,2
36178,2
36169,2
70023,2
39001,0
14560,0
9717,0
58221,0
56885,0
34846,2
62664,0
48284,2
70920,2
49241,2
46757,0
2747,2
68318,0
21649,0
37182,0
74048,2
67436,2
69268,2
53974,2
30588,0
52258,2
55935,0
65801,2
70690,2
32892,0
65952,2
43660,2
53614,2
51643,2
50238,2
52413,2
67642,2
64803,2
836,2
43630,2
63141,0
39150,2
23623,0
51092,0
10256,2
19011,0
59589,2
39570,2
18709,0
42279,2
47584,0
62661,2
28379,0
49789,2
10691,0
1987,2
55559,2
4489,2
51368,0
43646,2
60646,2
42420,0
12357,0
21860,2
48844,0
4672,2
2137,2
42378,2
60996,2
76,2
70669,2
10251,0
23918,2
18363,2
30132,2
41762,0
60895,0
11411,2
3785,2
2264,2
1078,2
72655,2
66621,0
51438,2
64627,0
69740,2
69954,2
49515,2
67134,2
58813,0
65979,2
47468,0
64267,2
63347,2
67383,0
52745,0
23498,2
61878,2
13104,2
16982,0
70003,0
67772,2
51157,2
34130,0
72039,0
67062,2
24166,0
23863,2
67872,2
12838,2
68367,2
39462,2
53305,2
14745,0
105,2
39935,2
62784,0
62421,2
2182,2
42929,2
59260,2
31504,2
37451,2
35647,2
41654,2
17500,2
14933,2
71221,2
52461,0
11609,2
29721,1
44062,2
36888,2
49613,2
61297,2
30733,2
35241,2
4407,2
12853,0
19761,0
41607,0
49913,2
56336,2
46124,0
32044,0
42153,0
13988,2
41999,2
39669,2
64492,0
5543,2
49500,0
41850,2
66608,2
27930,2
68990,2
49311,0
21059,2
19742,2
51105,2
62781,2
47020,2
67797,2
24168,0
46412,2
61284,2
70380,0
13257,2
3568,2
52612,0
64242,0
33662,0
43604,2
57188,2
45441,2
43904,2
15500,1
66874,2
18257,2
33059,0
4510,2
7599,1
30135,2
6676,2
16530,2
10128,2
15960,0
7771,0
831,2
38624,2
2468,0
44616,2
15510,2
29931,2
9450,2
65473,2
8878,2
40434,2
49434,2
13239,0
13219,2
35661,0
38326,2
11458,2
65824,2
59506,2
44082,2
1735,0
9592,0
57211,2
55706,2
42676,0
16089,2
27591,2
48825,2
65785,2
13718,2
20404,2
16057,2
12253,0
25437,2
53748,2
33650,2
39027,2
58085,0
56004,2
73293,2
65518,0
46775,0
23036,2
64226,2
22490,0
33949,0
71174,0
68044,2
56831,0
38594,1
35300,2
30324,2
2303,2
23189,2
53477,2
25741,2
47500,2
69293,2
56079,2
43281,2
51750,2
2810,2
21695,0
16225,2
63098,0
7065,2
62097,2
49256,2
39466,0
19434,0
72129,0
10252,2
34054,0
3647,2
33501,2
37647,0
53000,2
1775,0
35528,0
46403,2
38526,2
61916,2
50566,2
26379,0
71410,2
67753,2
51761,2
12998,2
59959,2
12146,2
63022,2
68731,0
70451,2
69670,0
7860,2
47098,2
32811,2
73773,2
5233,0
49614,2
575,2
8254,2
62639,0
49066,2
67108,2
51548,2
52185,0
60940,2
13601,2
62186,2
67226,0
39716,2
58966,2
68812,2
12624,2
37178,0
52160,2
11169,2
68592,2
17937,2
13252,2
35120,0
11307,2
61099,2
3330,0
70666,0
17836,0
7197,2
3371,2
20506,0
46967,0
23088,2
46846,0
28655,2
14327,0
54480,2
46066,0
16124,2
53790,0
53841,2
13531,2
26880,2
9276,0
71504,1
11503,0
48496,0
41306,2
38566,2
12251,0
12564,0
63652,2
17321,0
1621,2
66779,2
73478,0
21805,0
16687,2
20233,2
17313,2
20968,2
30791,0
69633,1
62890,2
73150,2
26210,2
44821,0
2911,0
67948,2
69927,2
41791,2
33553,2
20722,2
28110,0
20037,0
56316,2
70888,0
67671,0
31728,0
65381,2
4824,0
48676,0
72583,2
54411,2
12597,2
62219,0
20580,2
24657,0
30112,2
53828,2
22229,1
53930,0
51,2
336,0
35337,0
13892,2
72683,2
35543,2
15127,0
69914,2
6298,2
52466,2
1928,2
4332,0
61733,2
26236,2
38622,0
31341,0
33606,2
43966,2
13797,0
5039,2
15475,2
55740,0
68014,0
56265,2
34094,0
70269,0
12469,2
11527,2
22966,2
11941,2
36573,2
39355,2
34389,0
10139,2
43373,2
8390,2
2518,0
3680,2
7288,2
3061,2
9549,2
9077,0
9358,0
14192,2
58670,2
24698,2
47979,2
69716,2
73042,0
21448,2
10677,0
32919,2
45403,0
42885,2
12170,0
38565,0
17172,2
63077,0
11306,2
52217,2
12515,0
55813,2
38428,2
26990,2
30777,2
32293,2
36761,2
72273,2
59596,2
8114,0
50446,0
4884,2
55623,0
55866,2
16811,2
43164,2
71132,2
46165,2
26351,2
46583,2
66100,0
43451,2
36257,2
28314,2
59352,2
59573,2
35202,2
62266,0
13429,2
73289,2
51272,0
57330,0
72185,2
29046,2
20910,2
18341,0
58340,2
68604,2
46146,0
63821,0
28600,0
64148,0
47393,0
21264,2
65162,0
73188,2
16662,2
59576,2
35284,2
20219,2
27768,0
18730,0
60800,2
2548,2
5678,2
56762,2
38445,2
49348,2
44668,0
31134,2
20106,2
17386,0
17534,0
40048,2
47569,2
37262,2
66660,2
33562,2
69777,2
31177,0
60088,2
13820,2
333,2
49138,2
62207,2
39505,2
37933,2
15384,2
4036,2
11790,2
37101,2
27957,0
73673,2
61907,2
12233,2
39863,2
42631,0
39310,2
6417,2
52501,0
32442,0
36024,2
51478,2
61894,2
62733,2
34929,2
41704,2
47977,2
5088,2
56696,0
17216,0
32978,2
19606,2
16063,2
16109,2
51100,0
66057,0
32238,2
9139,0
47847,2
58055,2
23740,2
4139,0
5784,0
10639,2
27637,2
27748,0
34719,0
17109,2
7770,2
11064,0
21548,0
2251,0
21576,0
46866,2
43187,2
15024,2
57772,0
23286,0
67838,0
38588,2
20759,2
41668,2
29486,0
41194,2
40371,2
55065,2
20211,0
55923,2
26385,2
41279,0
9396,0
65410,2
6957,0
33045,0
44354,0
52668,2
15714,0
12736,0
24665,2
38910,2
1537,2
30632,2
23984,2
47695,2
47131,2
68316,2
63932,0
73343,0
16836,2
27133,2
59184,2
15840,2
48101,2
16558,0
48042,2
54911,2
42410,2
63249,2
3192,0
6679,2
50266,2
37327,0
11149,2
39076,2
17984,2
50603,2
4535,2
47942,0
59235,0
41674,2
19144,2
39831,2
783,2
26381,2
44185,2
43421,2
7296,2
47077,2
63571,2
61558,2
61806,2
38584,2
49710,0
66206,0
38023,2
10731,2
44840,0
35523,2
71294,0
13016,2
68802,2
44103,2
16847,0
64583,2
52434,0
13171,2
63682,2
41053,0
47281,2
57979,2
6712,0
64383,2
68160,0
40922,2
18037,0
60422,2
22880,2
72351,2
60834,0
31528,0
21132,2
41493,0
32480,2
25293,0
54537,2
47650,2
39230,2
24958,0
26000,0
62828,2
72049,2
49424,2
73080,2
30466,2
28772,2
14752,0
31004,2
7649,2
73337,0
32234,2
21081,2
22836,2
73421,0
26427,0
39491,2
5555,0
73253,2
12905,2
21101,0
24020,2
317,2
18258,2
54717,0
7324,0
26945,2
24246,0
63413,2
53750,2
40330,2
33375,2
72918,2
60260,0
2704,0
20282,2
1601,2
62717,1
20118,2
40344,2
40138,2
42343,2
33563,2
31733,2
18104,1
19113,2
49195,2
996,2
53791,2
52570,2
30142,2
58485,2
63996,2
28507,2
31731,2
25758,2
14855,2
37937,2
36045,2
22233,2
65923,2
20125,2
18165,0
44602,2
31481,2
330,1
62582,0
8974,0
32064,0
16702,0
29987,2
68076,0
26495,2
58233,0
34435,2
34451,0
47752,0
69126,2
15539,0
48511,2
14899,0
62827,2
12386,0
33836,2
37430,2
2915,2
72865,2
28235,2
9274,2
5072,2
47662,2
40337,2
52338,2
41784,2
36131,0
28353,2
15650,0
64821,0
36219,2
12232,2
45744,2
20842,2
41656,2
26616,2
22541,2
47644,2
40567,2
55999,0
58808,0
60642,2
22895,2
8105,0
35326,0
3763,0
6193,0
3987,2
32713,2
55286,0
33397,0
69300,2
35646,2
4701,2
47744,2
20032,0
1850,0
62275,2
22352,2
41355,0
38320,2
66581,2
34644,2
35304,2
39266,2
71949,2
11805,2
3418,0
11587,2
10709,0
52014,2
32454,2
3042,0
55855,2
59850,2
60983,0
29852,2
22038,0
38768,0
64146,2
56776,1
48221,2
70425,2
64524,2
52767,2
47561,2
46323,0
74108,2
7605,2
68532,0
10686,0
10627,2
24391,2
58878,2
35983,2
44134,2
69120,0
39153,0
59950,0
51004,0
17989,2
222,2
23312,2
66275,0
6993,0
59549,2
24786,2
22025,0
42781,2
41178,2
4540,2
20528,2
31432,2
17108,2
31329,2
41319,0
1150,2
61016,2
46937,1
17031,2
42735,2
3462,2
225,0
30639,2
66076,2
12579,2
26925,2
66487,2
43341,0
65968,2
41339,2
48810,2
11339,2
599,2
22785,0
38201,2
32371,2
60014,2
35529,2
14772,0
40369,2
42190,2
53235,2
57572,2
37218,0
22885,0
28017,2
72101,2
67931,2
61895,0
29213,2
35667,0
49648,2
31546,2
31994,2
37549,2
9978,0
16013,2
29723,2
63028,0
9987,2
74105,0
53956,2
41915,2
7344,2
50136,0
63452,2
40873,0
18400,2
40270,0
18875,0
43098,0
10165,0
26624,2
35804,2
35433,0
47358,2
38175,2
60572,2
12223,2
69799,2
39939,2
717,2
36416,2
29436,2
53913,2
2871,2
12209,0
71968,0
57824,2
6489,2
31984,0
28357,0
56887,0
2551,2
8871,2
47134,2
40720,0
59393,0
33252,0
39216,2
13885,2
67662,0
60814,0
55954,0
15461,2
71098,0
27360,2
12593,2
46538,0
34400,2
5087,0
1592,0
19453,2
47891,2
72182,2
15867,0
70102,2
24462,2
61821,2
60736,0
50364,2
33314,2
74192,2
9894,2
61838,2
62442,2
38953,2
37696,2
61701,2
5573,2
24031,0
26652,2
66104,0
39577,2
37293,2
56864,2
56983,2
44593,2
34354,2
20135,2
14326,2
59591,2
5481,2
13635,2
68573,2
5320,2
48411,2
33295,1
33307,0
11247,0
10693,0
42980,2
69906,2
35841,0
9439,0
46581,2
34220,2
35084,2
18483,2
25308,2
8996,2
43878,2
54980,0
50588,2
20731,2
37370,2
17140,0
176,2
29467,2
37437,0
43755,2
42915,2
34823,2
5569,2
36166,2
23563,2
13501,0
53012,2
5035,1
55257,2
48798,2
25312,2
53534,2
57394,0
52002,2
42989,2
66685,0
20358,2
34157,2
25992,2
23083,2
28812,2
73034,2
21733,2
18827,2
50309,2
49343,2
5786,0
21282,2
54610,2
9112,2
34539,2
68435,2
22014,0
67660,2
34019,0
47475,2
10203,2
70238,2
1797,2
10724,0
42043,2
38212,2
21238,2
50716,0
61794,2
40917,2
51347,0
55508,0
11701,2
52864,2
73297,2
47301,0
21775,2
52011,2
24978,0
67466,0
69822,0
44063,2
28639,2
59531,2
20684,2
51687,2
58126,2
1364,2
28806,2
37627,2
566,0
32782,2
58879,2
8331,0
43306,2
30151,0
50680,0
10002,0
68675,2
2454,0
11147,0
16700,2
33589,0
55146,0
50863,2
15295,2
25477,2
61022,2
66924,2
64830,2
37250,2
61158,0
70729,2
62215,0
29537,2
37100,0
1179,2
26791,2
29841,2
61069,2
29359,2
51519,0
42754,2
23185,1
63719,2
61986,0
65264,2
37613,0
65599,2
53233,2
